ind_9523	andalusiaPortugal
ind_9831	andalusiaPortugal
ind_9559	andalusiaPortugal
ind_9579	andalusiaPortugal
ind_9511	andalusiaPortugal
ind_9510	andalusiaPortugal
ind_9509	andalusiaPortugal
ind_9817	andalusiaPortugal
ind_9537	andalusiaPortugal
ind_9943	andalusiaPortugal
ind_9507	andalusiaPortugal
ind_9946	andalusiaPortugal
ind_9515	andalusiaPortugal
ind_9560	andalusiaPortugal
ind_9522	andalusiaPortugal
ind_9873	andalusiaPortugal
ind_9541	andalusiaPortugal
ind_9512	andalusiaPortugal
ind_9900	andalusiaPortugal
ind_9514	andalusiaPortugal
ind_9544	andalusiaPortugal
ind_9759	azerbaijanGeorgia
ind_9091	azerbaijanGeorgia
ind_10012	azerbaijanGeorgia
ind_9099	azerbaijanGeorgia
ind_10013	azerbaijanGeorgia
ind_9089	azerbaijanGeorgia
ind_9081	azerbaijanGeorgia
ind_9069	azerbaijanGeorgia
ind_9070	azerbaijanGeorgia
ind_9075	azerbaijanGeorgia
ind_9078	azerbaijanGeorgia
ind_9079	azerbaijanGeorgia
ind_9084	azerbaijanGeorgia
ind_9085	azerbaijanGeorgia
ind_9067	azerbaijanGeorgia
ind_10014	azerbaijanGeorgia
ind_9095	azerbaijanGeorgia
ind_9113	azerbaijanGeorgia
ind_9990	azerbaijanGeorgia
ind_9115	azerbaijanGeorgia
ind_9114	azerbaijanGeorgia
ind_9111	azerbaijanGeorgia
ind_9100	azerbaijanGeorgia
ind_9105	azerbaijanGeorgia
ind_9102	azerbaijanGeorgia
ind_9104	azerbaijanGeorgia
ind_9106	azerbaijanGeorgia
ind_9103	azerbaijanGeorgia
ind_9991	azerbaijanGeorgia
ind_9121	azerbaijanGeorgia
ind_9988	azerbaijanGeorgia
ind_9993	azerbaijanGeorgia
ind_10006	azerbaijanGeorgia
ind_7328	barcelona
ind_6961	barcelona
ind_7327	barcelona
ind_6970	barcelona
ind_6933	barcelona
ind_6971	barcelona
ind_9573	barcelona
ind_8357	barcelona
ind_9519	barcelona
ind_8264	barcelona
ind_9547	barcelona
ind_9821	barcelona
ind_9891	barcelona
ind_9895	barcelona
ind_9864	barcelona
ind_9521	barcelona
ind_9526	barcelona
ind_9540	barcelona
ind_9868	barcelona
ind_9535	barcelona
ind_5353	britishIsles1
ind_5276	britishIsles1
ind_5726	britishIsles1
ind_7064	britishIsles1
ind_5577	britishIsles1
ind_9937	britishIsles1
ind_5798	britishIsles1
ind_4939	britishIsles1
ind_5236	britishIsles1
ind_7109	britishIsles1
ind_6986	britishIsles1
ind_9298	britishIsles1
ind_6923	britishIsles1
ind_At319	britishIsles1
ind_At370	britishIsles1
ind_4900	britishIsles1
ind_5023	britishIsles1
ind_4840	britishIsles1
ind_4884	britishIsles1
ind_6924	britishIsles1
ind_6989	britishIsles1
ind_9909	britishIsles1
ind_6966	britishIsles1
ind_5253	britishIsles1
ind_6944	britishIsles1
ind_At369	britishIsles1
ind_At361	britishIsles1
ind_7387	britishIsles1
ind_7111	britishIsles2
ind_7342	britishIsles2
ind_5151	britishIsles2
ind_6967	britishIsles2
ind_5741	britishIsles2
ind_5768	britishIsles2
ind_6907	britishIsles2
ind_5165	britishIsles2
ind_5811	britishIsles2
ind_6898	britishIsles2
ind_5349	britishIsles2
ind_At136_140	britishIsles2
ind_At069	britishIsles2
ind_At158	britishIsles2
ind_5644	britishIsles2
ind_10001	britishIsles2
ind_9809	britishIsles2
ind_108	britishIsles2
ind_139	britishIsles2
ind_9926	britishIsles2
ind_7026	britishIsles2
ind_6960	britishIsles2
ind_6959	britishIsles2
ind_7307	britishIsles2
ind_6108	britishIsles2
ind_At394_395	britishIsles2
ind_4807	britishIsles2
ind_5779	britishIsles2
ind_4958	britishIsles2
ind_9925	britishIsles2
ind_6042	cEuropeBaltic
ind_430	cEuropeBaltic
ind_7273	cEuropeBaltic
ind_6243	cEuropeBaltic
ind_7296	cEuropeBaltic
ind_7106	cEuropeBaltic
ind_7223	cEuropeBaltic
ind_8334	cEuropeBaltic
ind_6975	cEuropeBaltic
ind_6976	cEuropeBaltic
ind_9915	cEuropeBaltic
ind_7207	cEuropeBaltic
ind_8365	cEuropeBaltic
ind_8236	cEuropeBaltic
ind_7203	cEuropeBaltic
ind_7177	cEuropeBaltic
ind_9644	cEuropeBaltic
ind_9645	cEuropeBaltic
ind_8311	cEuropeBaltic
ind_7025	cEuropeBaltic
ind_7158	cEuropeBaltic
ind_6919	cEuropeBaltic
ind_9730	cEuropeBaltic
ind_9735	cEuropeBaltic
ind_9731	cEuropeBaltic
ind_9733	cEuropeBaltic
ind_9732	cEuropeBaltic
ind_8235	cEuropeBaltic
ind_9729	cEuropeBaltic
ind_9728	cEuropeBaltic
ind_7236	cEuropeBaltic
ind_8419	cEuropeBaltic
ind_7186	cEuropeBaltic
ind_7394	cEuropeBaltic
ind_7427	cEuropeBaltic
ind_19950	cEuropeBaltic
ind_19949	cEuropeBaltic
ind_19951	cEuropeBaltic
ind_15591	cEuropeBaltic
ind_15592	cEuropeBaltic
ind_15593	cEuropeBaltic
ind_6296	cEuropeBaltic
ind_6390	cEuropeBaltic
ind_6396	cEuropeBaltic
ind_6957	cEuropeBaltic
ind_6956	cEuropeBaltic
ind_6951	cEuropeBaltic
ind_7520	cEuropeBaltic
ind_7424	cEuropeBaltic
ind_7349	cEuropeBaltic
ind_7521	cEuropeBaltic
ind_5893	cEuropeBaltic
ind_5907	cEuropeBaltic
ind_5984	cEuropeBaltic
ind_5950	cEuropeBaltic
ind_5921	cEuropeBaltic
ind_424	cEuropeBaltic
ind_5874	cEuropeBaltic
ind_5890	cEuropeBaltic
ind_5837	cEuropeBaltic
ind_403	cEuropeBaltic
ind_428	cEuropeBaltic
ind_410	cEuropeBaltic
ind_5993	cEuropeBaltic
ind_6008	cEuropeBaltic
ind_8386	cEuropeBaltic
ind_6903	cEuropeBaltic
ind_8285	cEuropeBaltic
ind_6445	cEuropeBaltic
ind_6984	cEuropeBaltic
ind_6424	cEuropeBaltic
ind_10020	cEuropeBaltic
ind_7103	cEuropeBaltic
ind_7460	cEuropeBaltic
ind_8284	cEuropeBaltic
ind_9930	cEuropeBaltic
ind_9655	cSouthItaly
ind_9648	cSouthItaly
ind_9646	cSouthItaly
ind_9963	cSouthItaly
ind_9649	cSouthItaly
ind_9982	cSouthItaly
ind_9968	cSouthItaly
ind_9653	cSouthItaly
ind_9657	cSouthItaly
ind_9964	cSouthItaly
ind_9980	cSouthItaly
ind_9981	cSouthItaly
ind_9658	cSouthItaly
ind_9661	cSouthItaly
ind_9965	cSouthItaly
ind_9660	cSouthItaly
ind_9659	cSouthItaly
ind_9651	cSouthItaly
ind_9962	cSouthItaly
ind_9966	cSouthItaly
ind_9983	cSouthItaly
ind_9984	cSouthItaly
ind_7068	cSouthItaly
ind_7319	cSouthItaly
ind_9663	cSouthItaly
ind_8337	cSouthItaly
ind_8243	cSouthItaly
ind_6904	cSouthItaly
ind_7077	cSouthItaly
ind_9969	cSouthItaly
ind_9647	cSouthItaly
ind_9656	cSouthItaly
ind_9726	cSouthItaly
ind_9725	cSouthItaly
ind_9586	centralSpain1
ind_9867	centralSpain1
ind_9861	centralSpain1
ind_9904	centralSpain1
ind_9888	centralSpain1
ind_9902	centralSpain1
ind_9878	centralSpain1
ind_9539	centralSpain1
ind_9848	centralSpain1
ind_7081	centralSpain1
ind_9897	centralSpain1
ind_9858	centralSpain1
ind_9948	centralSpain1
ind_9556	centralSpain1
ind_9534	centralSpain1
ind_9833	centralSpain1
ind_9825	centralSpain1
ind_9602	centralSpain1
ind_9834	centralSpain1
ind_9841	centralSpain1
ind_9845	centralSpain1
ind_9857	centralSpain1
ind_9882	centralSpain1
ind_9855	centralSpain1
ind_9856	centralSpain1
ind_9843	centralSpain1
ind_9822	centralSpain1
ind_9852	centralSpain1
ind_9859	centralSpain1
ind_9866	centralSpain2
ind_9591	centralSpain2
ind_9587	centralSpain2
ind_9548	centralSpain2
ind_9589	centralSpain2
ind_9565	centralSpain2
ind_9592	centralSpain2
ind_9945	centralSpain2
ind_9584	centralSpain2
ind_9898	centralSpain2
ind_9860	centralSpain2
ind_9883	centralSpain2
ind_9597	centralSpain2
ind_9819	centralSpain2
ind_9846	centralSpain2
ind_9874	centralSpain2
ind_9601	centralSpain2
ind_9903	centralSpain2
ind_9901	centralSpain2
ind_10018	italyBalkanPeninsula
ind_9754	italyBalkanPeninsula
ind_9756	italyBalkanPeninsula
ind_10017	italyBalkanPeninsula
ind_9747	italyBalkanPeninsula
ind_9748	italyBalkanPeninsula
ind_9622	italyBalkanPeninsula
ind_9739	italyBalkanPeninsula
ind_9744	italyBalkanPeninsula
ind_10005	italyBalkanPeninsula
ind_9741	italyBalkanPeninsula
ind_9700	italyBalkanPeninsula
ind_9712	italyBalkanPeninsula
ind_9721	italyBalkanPeninsula
ind_9613	italyBalkanPeninsula
ind_9713	italyBalkanPeninsula
ind_9711	italyBalkanPeninsula
ind_9755	italyBalkanPeninsula
ind_9701	italyBalkanPeninsula
ind_9738	italyBalkanPeninsula
ind_9757	italyBalkanPeninsula
ind_9749	italyBalkanPeninsula
ind_9691	italyBalkanPeninsula
ind_9736	italyBalkanPeninsula
ind_10004	italyBalkanPeninsula
ind_9743	italyBalkanPeninsula
ind_9706	italyBalkanPeninsula
ind_9698	italyBalkanPeninsula
ind_9985	italyBalkanPeninsula
ind_9723	italyBalkanPeninsula
ind_9697	italyBalkanPeninsula
ind_9704	italyBalkanPeninsula
ind_9705	italyBalkanPeninsula
ind_9703	italyBalkanPeninsula
ind_9709	italyBalkanPeninsula
ind_9987	italyBalkanPeninsula
ind_9699	italyBalkanPeninsula
ind_9710	italyBalkanPeninsula
ind_9718	italyBalkanPeninsula
ind_9722	italyBalkanPeninsula
ind_9707	italyBalkanPeninsula
ind_9716	italyBalkanPeninsula
ind_9708	italyBalkanPeninsula
ind_9986	italyBalkanPeninsula
ind_9714	italyBalkanPeninsula
ind_9717	italyBalkanPeninsula
ind_9720	italyBalkanPeninsula
ind_9719	italyBalkanPeninsula
ind_6242	malmoLund
ind_6097	malmoLund
ind_6085	malmoLund
ind_6096	malmoLund
ind_6124	malmoLund
ind_6126	malmoLund
ind_6112	malmoLund
ind_6123	malmoLund
ind_8240	malmoLund
ind_6113	malmoLund
ind_6128	malmoLund
ind_6109	malmoLund
ind_6141	malmoLund
ind_8422	malmoLund
ind_6107	malmoLund
ind_6106	malmoLund
ind_6114	malmoLund
ind_6115	malmoLund
ind_8237	malmoLund
ind_6134	malmoLund
ind_6099	malmoLund
ind_6101	malmoLund
ind_6076	malmoLund
ind_6090	malmoLund
ind_6102	malmoLund
ind_6095	malmoLund
ind_6111	malmoLund
ind_6119	malmoLund
ind_6092	malmoLund
ind_6100	malmoLund
ind_6195	nE_EScania
ind_8283	nE_EScania
ind_6198	nE_EScania
ind_6188	nE_EScania
ind_1061	nE_EScania
ind_1066	nE_EScania
ind_6189	nE_EScania
ind_6192	nE_EScania
ind_6191	nE_EScania
ind_6193	nE_EScania
ind_8306	nE_EScania
ind_6203	nE_EScania
ind_6036	nE_EScania
ind_6038	nE_EScania
ind_8307	nE_EScania
ind_1063	nE_EScania
ind_8426	nE_EScania
ind_8427	nE_EScania
ind_7094	nGermany
ind_7231	nGermany
ind_6922	nGermany
ind_7036	nGermany
ind_5800	nGermany
ind_6940	nGermany
ind_7161	nGermany
ind_7255	nGermany
ind_7258	nGermany
ind_7419	nGermany
ind_7282	nGermany
ind_7276	nGermany
ind_7337	nGermany
ind_8420	nGermany
ind_7218	nGermany
ind_7031	nGermany
ind_8312	nGermany
ind_7322	nGermany
ind_8238	nGermany
ind_7199	nGermany
ind_7202	nGermany
ind_7250	nGermany
ind_7133	nGermany
ind_7415	nGermany
ind_8239	nGermany
ind_7000	nGermany
ind_7117	nGermany
ind_7014	nGermany
ind_7430	nGermany
ind_7008	nGermany
ind_7062	nGermany
ind_7125	nGermany
ind_7102	nGermany
ind_6915	nGermany
ind_8387	nGermany
ind_6982	nGermany
ind_7287	nGermany
ind_7404	nGermany
ind_7028	nGermany
ind_7147	nGermany
ind_7305	nGermany
ind_5748	nGermany
ind_7192	nGermany
ind_6997	nGermany
ind_7162	nGermany
ind_7165	nGermany
ind_7280	nGermany
ind_6973	nGermany
ind_7244	nGermany
ind_7002	nGermany
ind_7143	nGermany
ind_6945	nGermany
ind_7316	nGermany
ind_7384	nGermany
ind_9924	nGermany
ind_8366	nGermany
ind_7471	nGermany
ind_7396	nGermany
ind_9761	nGermany
ind_6981	nGermany
ind_7314	nGermany
ind_9933	nGermany
ind_7067	nGermany
ind_9914	nGermany
ind_7120	nGermany
ind_8290	nGermany
ind_7127	nGermany
ind_7413	nGermany
ind_7163	nGermany
ind_7209	nGermany
ind_6932	nGermany
ind_6434	nGermany
ind_7096	nGermany
ind_7213	nGermany
ind_6830	nGermany
ind_7461	nGermany
ind_6180	nGermany
ind_7208	nGermany
ind_5104	nGermany
ind_5486	nGermany
ind_5720	nGermany
ind_7058	nGermany
ind_7061	nGermany
ind_At533	nGermany
ind_At339_348	nGermany
ind_5249	nWEngland
ind_4857	nWEngland
ind_5395	nWEngland
ind_7107	nWEngland
ind_5776	nWEngland
ind_5718	nWEngland
ind_5651	nWEngland
ind_5717	nWEngland
ind_9823	northCentralSpain
ind_9853	northCentralSpain
ind_9571	northCentralSpain
ind_9875	northCentralSpain
ind_9847	northCentralSpain
ind_9854	northCentralSpain
ind_9862	northCentralSpain
ind_9585	northCentralSpain
ind_9590	northCentralSpain
ind_9826	northCentralSpain
ind_9569	northCentralSpain
ind_9949	northCentralSpain
ind_9517	northCentralSpain
ind_9596	northCentralSpain
ind_9506	northCentralSpain
ind_9551	northCentralSpain
ind_9599	northCentralSpain
ind_9828	northCentralSpain
ind_9838	northCentralSpain
ind_9578	northCentralSpain
ind_9581	northCentralSpain
ind_9890	northCentralSpain
ind_9851	northCentralSpain
ind_9877	northCentralSpain
ind_9532	northCentralSpain
ind_9520	northCentralSpain
ind_9839	northCentralSpain
ind_9885	northCentralSpain
ind_9553	northCentralSpain
ind_9531	northCentralSpain
ind_9552	northCentralSpain
ind_9820	northCentralSpain
ind_9561	northCentralSpain
ind_9576	northCentralSpain
ind_9849	northCentralSpain
ind_9558	northCentralSpain
ind_9527	northCentralSpain
ind_9595	northCentralSpain
ind_9835	northCentralSpain
ind_9892	northCentralSpain
ind_9881	northCentralSpain
ind_9593	northCentralSpain
ind_9880	northCentralSpain
ind_9550	northCentralSpain
ind_9824	northCentralSpain
ind_1257	northSweden
ind_1254	northSweden
ind_1313	northSweden
ind_1317	northSweden
ind_9336	northSweden
ind_9058	northSweden
ind_8351	northSweden
ind_6969	northSweden
ind_6968	northSweden
ind_6043	northSweden
ind_6046	northSweden
ind_6900	northSweden
ind_6901	northSweden
ind_8227	northSweden
ind_6163	northSweden
ind_6154	northSweden
ind_6153	northSweden
ind_6166	northSweden
ind_6025	northSweden
ind_6177	northSweden
ind_8376	northSweden
ind_6030	northSweden
ind_6220	northSweden
ind_5860	northSweden
ind_6184	northSweden
ind_9386	northSweden
ind_9427	northSweden
ind_1552	northSweden
ind_6064	northSweden
ind_6069	northSweden
ind_9433	northSweden
ind_6231	northSweden
ind_6244	northSweden
ind_9363	northSweden
ind_6221	northSweden
ind_9388	northSweden
ind_6071	northSweden
ind_6241	northSweden
ind_6237	northSweden
ind_6240	northSweden
ind_6238	northSweden
ind_6235	northSweden
ind_5856	northSweden
ind_6070	northSweden
ind_9323	northSweden
ind_6173	northSweden
ind_6172	northSweden
ind_9321	northSweden
ind_6169	northSweden
ind_9332	northSweden
ind_6174	northSweden
ind_6913	northSweden
ind_6209	northSweden
ind_6210	northSweden
ind_6011	northSweden
ind_6012	northSweden
ind_6009	northSweden
ind_6010	northSweden
ind_6013	northSweden
ind_6016	northSweden
ind_6017	northSweden
ind_6216	northSweden
ind_6217	northSweden
ind_6218	northSweden
ind_6917	northSweden
ind_9371	northSweden
ind_6918	northSweden
ind_6214	northSweden
ind_1166	olandGotland
ind_1158	olandGotland
ind_9453	olandGotland
ind_9454	olandGotland
ind_9455	olandGotland
ind_9452	olandGotland
ind_9451	olandGotland
ind_8230	olandGotland
ind_9450	olandGotland
ind_9470	olandGotland
ind_7126	olandGotland
ind_8249	olandGotland
ind_9402	olandGotland
ind_5832	olandGotland
ind_5831	olandGotland
ind_8242	olandGotland
ind_6073	olandGotland
ind_5830	olandGotland
ind_6087	olandGotland
ind_8234	olandGotland
ind_6088	olandGotland
ind_9352	olandGotland
ind_9353	olandGotland
ind_9413	olandGotland
ind_9412	olandGotland
ind_8222	olandGotland
ind_9390	olandGotland
ind_9391	olandGotland
ind_9392	olandGotland
ind_6990	olandGotland
ind_7181	olandGotland
ind_7268	olandGotland
ind_7013	olandGotland
ind_7343	olandGotland
ind_7346	olandGotland
ind_6039	olandGotland
ind_6041	olandGotland
ind_9395	olandGotland
ind_10023	olandGotland
ind_6086	olandGotland
ind_6920	olandGotland
ind_7138	olandGotland
ind_7353	olandGotland
ind_9783	olandGotland
ind_8258	olandGotland
ind_8259	olandGotland
ind_8256	olandGotland
ind_5757	olandGotland
ind_7288	olandGotland
ind_6151	olandGotland
ind_7169	olandGotland
ind_265	olandGotland
ind_5784	olandGotland
ind_5822	olandGotland
ind_6258	olandGotland
ind_6074	olandGotland
ind_9343	olandGotland
ind_9394	olandGotland
ind_9416	olandGotland
ind_9381	olandGotland
ind_9382	olandGotland
ind_9383	olandGotland
ind_9369	olandGotland
ind_9370	olandGotland
ind_9339	olandGotland
ind_8326	olandGotland
ind_9436	olandGotland
ind_9437	olandGotland
ind_6022	olandGotland
ind_6021	olandGotland
ind_6019	olandGotland
ind_6020	olandGotland
ind_7354	olandGotland
ind_8241	olandGotland
ind_6413	olandGotland
ind_9408	olandGotland
ind_6974	olandGotland
ind_9421	olandGotland
ind_5865	olandGotland
ind_6194	olandGotland
ind_5867	olandGotland
ind_6202	olandGotland
ind_6201	olandGotland
ind_9409	olandGotland
ind_8231	olandGotland
ind_1070	olandGotland
ind_6105	olandGotland
ind_1002	olandGotland
ind_992	olandGotland
ind_1006	olandGotland
ind_991	olandGotland
ind_7164	olandGotland
ind_6094	olandGotland
ind_997	olandGotland
ind_6098	olandGotland
ind_9399	olandGotland
ind_6284	olandGotland
ind_9481	olandGotland
ind_9057	olandGotland
ind_9568	pyreneesGironaIbRange
ind_9950	pyreneesGironaIbRange
ind_9524	pyreneesGironaIbRange
ind_9850	pyreneesGironaIbRange
ind_9525	pyreneesGironaIbRange
ind_9557	pyreneesGironaIbRange
ind_9899	pyreneesGironaIbRange
ind_9567	pyreneesGironaIbRange
ind_9844	pyreneesGironaIbRange
ind_9577	pyreneesGironaIbRange
ind_9588	pyreneesGironaIbRange
ind_9876	pyreneesGironaIbRange
ind_9870	pyreneesGironaIbRange
ind_9562	pyreneesGironaIbRange
ind_9594	pyreneesGironaIbRange
ind_9886	pyreneesGironaIbRange
ind_9582	pyreneesGironaIbRange
ind_9546	pyreneesGironaIbRange
ind_9564	pyreneesGironaIbRange
ind_9836	pyreneesGironaIbRange
ind_9942	pyreneesGironaIbRange
ind_9840	pyreneesGironaIbRange
ind_9606	relictsFs12
ind_9939	relictsFs12
ind_ERR2026743	relictsFs12
ind_ERR2026748	relictsFs12
ind_ERR2026749	relictsFs12
ind_ERR2026756	relictsFs12
ind_6911	relictsFs12
ind_ERR2026788	relictsFs12
ind_7063	relictsFs12
ind_ERR2026782	relictsFs12
ind_ERR2026794	relictsFs12
ind_ERR2026800	relictsFs12
ind_Ch36_31	relictsFs12
ind_ERR2026810	relictsFs12
ind_9762	relictsFs12
ind_ERR2026771	relictsFs12
ind_9764	relictsFs12
ind_9600	relictsFs13
ind_9837	relictsFs13
ind_9944	relictsFs13
ind_9879	relictsFs13
ind_9869	relictsFs13
ind_9543	relictsFs13
ind_9583	relictsFs13
ind_9554	relictsFs13
ind_9545	relictsFs13
ind_9555	relictsFs13
ind_9832	relictsFs13
ind_9947	relictsFs13
ind_9871	relictsFs13
ind_9887	relictsFs13
ind_9542	relictsFs13
ind_9905	relictsFs13
ind_9549	relictsFs13
ind_9598	relictsFs13
ind_9533	relictsFs13
ind_9574	relictsFs13
ind_9513	relictsFs13
ind_9530	relictsFs13
ind_9508	relictsFs13
ind_9528	relictsFs13
ind_9536	relictsFs13
ind_9518	relictsFs13
ind_9610	russiaAsia
ind_9611	russiaAsia
ind_9607	russiaAsia
ind_9957	russiaAsia
ind_9616	russiaAsia
ind_9612	russiaAsia
ind_9615	russiaAsia
ind_9956	russiaAsia
ind_9955	russiaAsia
ind_7323	russiaAsia
ind_9958	russiaAsia
ind_9959	russiaAsia
ind_9960	russiaAsia
ind_6931	russiaAsia
ind_9608	russiaAsia
ind_9617	russiaAsia
ind_9609	russiaAsia
ind_14318	russiaAsia
ind_6938	russiaAsia
ind_8354	russiaAsia
ind_7072	russiaAsia
ind_7347	russiaAsia
ind_14314	russiaAsia
ind_14315	russiaAsia
ind_14312	russiaAsia
ind_14313	russiaAsia
ind_15560	russiaAsia
ind_14319	russiaAsia
ind_18694	russiaAsia
ind_18696	russiaAsia
ind_9125	russiaAsia
ind_9128	russiaAsia
ind_10011	russiaAsia
ind_9130	russiaAsia
ind_9131	russiaAsia
ind_9133	russiaAsia
ind_9134	russiaAsia
ind_Ch18_4	russiaAsia
ind_Ch64_5	russiaAsia
ind_Ch27_8	russiaAsia
ind_7183	russiaAsia
ind_8424	russiaAsia
ind_9745	russiaAsia
ind_10008	russiaAsia
ind_10009	russiaAsia
ind_10010	russiaAsia
ind_763	russiaAsia
ind_9758	russiaAsia
ind_765	russiaAsia
ind_9766	russiaAsia
ind_Ch43_12	russiaAsia
ind_772	russiaAsia
ind_766	russiaAsia
ind_768	russiaAsia
ind_6963	russiaAsia
ind_6929	russiaAsia
ind_10015	russiaAsia
ind_9635	russiaAsia
ind_9624	russiaAsia
ind_9737	russiaAsia
ind_9639	russiaAsia
ind_9633	russiaAsia
ind_9636	russiaAsia
ind_9632	russiaAsia
ind_9634	russiaAsia
ind_9637	russiaAsia
ind_9631	russiaAsia
ind_9641	russiaAsia
ind_9642	russiaAsia
ind_9640	russiaAsia
ind_9638	russiaAsia
ind_9619	russiaAsia
ind_9620	russiaAsia
ind_9643	russiaAsia
ind_9621	russiaAsia
ind_9626	russiaAsia
ind_9627	russiaAsia
ind_9953	russiaAsia
ind_9628	russiaAsia
ind_9625	russiaAsia
ind_9629	russiaAsia
ind_9630	russiaAsia
ind_9952	russiaAsia
ind_9951	russiaAsia
ind_7516	sEScania
ind_9476	sEScania
ind_7517	sEScania
ind_6252	sEScania
ind_6255	sEScania
ind_6276	sEScania
ind_6268	sEScania
ind_9442	sEScania
ind_5772	sGermany
ind_8343	sGermany
ind_7119	sGermany
ind_6987	sGermany
ind_7344	sGermany
ind_7378	sGermany
ind_10027	sGermany
ind_9998	sGermany
ind_10022	sGermany
ind_7003	sGermany
ind_7298	sGermany
ind_7373	sGermany
ind_7382	sGermany
ind_6992	sGermany
ind_6680	sGermany
ind_6979	sGermany
ind_7418	sGermany
ind_9815	sGermany
ind_9785	sGermany
ind_9786	sGermany
ind_9770	sGermany
ind_9788	sGermany
ind_9801	sGermany
ind_9798	sGermany
ind_9812	sGermany
ind_9771	sGermany
ind_9794	sGermany
ind_9781	sGermany
ind_9795	sGermany
ind_9816	sGermany
ind_9802	sGermany
ind_9800	sGermany
ind_9787	sGermany
ind_9797	sGermany
ind_9782	sGermany
ind_9792	sGermany
ind_9778	sGermany
ind_9789	sGermany
ind_9780	sGermany
ind_7411	sGermany
ind_9776	sGermany
ind_9779	sGermany
ind_9799	sGermany
ind_9803	sGermany
ind_9804	sGermany
ind_9784	sGermany
ind_9796	sGermany
ind_9772	sGermany
ind_9775	sGermany
ind_9769	sGermany
ind_9808	sGermany
ind_9996	sGermany
ind_9814	sGermany
ind_9813	sGermany
ind_9807	sGermany
ind_7372	sGermany
ind_9811	sGermany
ind_9995	sGermany
ind_9777	sGermany
ind_9768	sGermany
ind_9774	sGermany
ind_9790	sGermany
ind_9997	sGermany
ind_9793	sGermany
ind_9806	sGermany
ind_9999	sGermany
ind_9810	sGermany
ind_9791	sGermany
ind_9805	sGermany
ind_9677	sTyrol
ind_9676	sTyrol
ind_9678	sTyrol
ind_9671	sTyrol
ind_9673	sTyrol
ind_9668	sTyrol
ind_9672	sTyrol
ind_9669	sTyrol
ind_9670	sTyrol
ind_9667	sTyrol
ind_9727	sTyrol
ind_9664	sTyrol
ind_9666	sTyrol
ind_9665	sTyrol
ind_9973	sTyrol
ind_9686	sTyrol
ind_9684	sTyrol
ind_9685	sTyrol
ind_9687	sTyrol
ind_9690	sTyrol
ind_9693	sTyrol
ind_9689	sTyrol
ind_9692	sTyrol
ind_9694	sTyrol
ind_9974	sTyrol
ind_9975	sTyrol
ind_9695	sTyrol
ind_9696	sTyrol
ind_9679	sTyrol
ind_9680	sTyrol
ind_9683	sTyrol
ind_9682	sTyrol
ind_9681	sTyrol
ind_9972	sTyrol
ind_9971	sTyrol
ind_9970	sTyrol
ind_9976	sTyrol
ind_7333	sTyrol
ind_9978	sTyrol
ind_9979	sTyrol
ind_At376	uFranceEFranceBIsles
ind_9929	uFranceEFranceBIsles
ind_8297	uFranceEFranceBIsles
ind_5279	uFranceEFranceBIsles
ind_9921	uFranceEFranceBIsles
ind_6908	uFranceEFranceBIsles
ind_7092	uFranceEFranceBIsles
ind_8214	uFranceEFranceBIsles
ind_9912	uFranceEFranceBIsles
ind_9314	uFranceEFranceBIsles
ind_9910	uFranceEFranceBIsles
ind_10002	uFranceEFranceBIsles
ind_9503	uFranceEFranceBIsles
ind_9941	uFranceEFranceBIsles
ind_9920	uFranceEFranceBIsles
ind_9932	uFranceEFranceBIsles
ind_4826	uFranceEFranceBIsles
ind_7306	uFranceEFranceBIsles
ind_4779	uFranceEFranceBIsles
ind_7320	uFranceEFranceBIsles
ind_6943	uFranceEFranceBIsles
ind_9938	uFranceEFranceBIsles
ind_At363	uFranceEFranceBIsles
ind_9827	wNCFrance
ind_9894	wNCFrance
ind_9529	wNCFrance
ind_9830	wNCFrance
ind_9908	wNCFrance
ind_9911	wNCFrance
ind_9935	wNCFrance
ind_9906	wNCFrance
ind_6897	wNCFrance
ind_88	wNCFrance
ind_7071	wNCFrance
ind_7217	wNCFrance
ind_5210	wNCFrance
ind_9927	wNCFrance
ind_9917	wNCFrance
ind_9312	wNCFrance
ind_350	wNCFrance
ind_159	wNCFrance
ind_351	wNCFrance
ind_6958	wNCFrance
ind_9928	wNCFrance
ind_9918	wNCFrance
ind_7417	wNCFrance
ind_8244	wNCFrance
ind_7383	wNCFrance
ind_7130	wNCFrance
ind_6034	westScania
ind_1062	westScania
ind_6035	westScania
ind_8247	westScania
ind_6137	westScania
ind_6131	westScania
ind_6132	westScania
ind_6133	westScania
ind_6148	westScania
ind_6138	westScania
ind_9407	westScania
ind_9404	westScania
ind_9405	westScania
ind_6140	westScania
ind_6040	westScania
ind_6024	westScania
ind_6077	westScania
ind_6125	westScania
ind_6122	westScania
ind_6118	westScania
ind_6104	westScania
ind_6136	westScania
ind_6142	westScania
ind_6023	westScania
ind_6145	westScania
ind_8335	westScania
ind_6150	westScania
ind_8369	westScania
ind_6149	westScania
ind_5836	westScania
ind_6091	westScania
ind_9380	westScania
ind_9471	westScania
